Post ID,Image URL
177,2020/01/IMG_1109-1024x768.jpg
177,2020/01/IMG_1110-1024x768.jpg
177,2020/01/IMG_1108-768x1024.jpg
177,2020/01/IMG_1118-1024x768.jpg
177,2020/01/IMG_1121-1024x768.jpg
177,2020/01/IMG_1123-1024x768.jpg
177,2020/01/IMG_1126-1024x768.jpg
177,2020/01/DSC_1077-1024x576.jpg
244,2020/01/B82273F0-65D6-4270-A2B7-B8A008AAEE39-1024x986.jpeg
244,2020/01/A607FCEF-BAC9-4811-84D1-7B8590E0677F-653x1024.jpeg
295,2020/01/qiita-1024x668.png
312,2020/02/image.png
312,2020/02/image-3.png
312,2020/02/image-4.png
312,2020/02/image-1.png
312,2020/02/image-5.png
320,2020/02/whiteboard.png
320,2020/02/buresuto.png
390,2020/04/コメント-2020-04-28-113504-1024x504.jpg
394,2020/05/image-4.png
394,2020/05/image-2.png
394,2020/05/image-3.png
438,2020/06/image-1.png
438,2020/06/dd99e2645f071f243eeffc37319b6136-1024x481.png
447,2020/07/S__45416450-768x1024.jpg
447,2020/07/S__45416452-768x1024.jpg
447,2020/07/ダウンロード-1024x221.png
460,2020/07/bft1-2.png
460,2020/07/bft2.png
412,2020/07/search-13476_640.jpg
412,2020/07/domain-2121820_640.jpg
412,2020/07/web-3967926_640.jpg
412,2020/07/container-4203677_640.jpg
412,2020/07/rudder-3700018_640.jpg
412,2020/07/code-3078609_640.jpg
527,2020/08/41pdvo5w0L._AC_SY400_.jpg
527,2020/08/1835b47794783c752a0d709c5b5e2247.png
527,2020/08/a09d90ee1399aba8e4a03e1ecfd12a89.png
527,2020/08/abc1b59869b80aaead6fe11d4dd6e34e.png
546,production/attachments/12882/2019/10/31/60982/f44ec2b6-c09c-4054-b8ed-6ab17def8772.png
546,2020/08/image.png
546,2020/08/image-1.png
555,2020/08/コメント-2019-11-05-105647-1024x564.png
555,2020/08/image-2-1024x799.png
591,2020/09/image-3.png
591,2020/09/Screen-Shot-2020-09-09-at-16.04.25-1024x729.png
591,2020/09/Screen-Shot-2020-09-09-at-16.05.11-1024x252.png
591,2020/09/Screen-Shot-2020-09-09-at-16.06.02-1024x601.png
591,2020/09/Screen-Shot-2020-09-09-at-16.07.06-1024x547.png
591,2020/09/Screen-Shot-2020-09-09-at-16.09.33-1024x557.png
591,2020/09/Screen-Shot-2020-09-09-at-16.12.53-1024x616.png
591,2020/09/Screen-Shot-2020-09-09-at-16.13.38-1024x793.png
591,2020/09/Screen-Shot-2020-09-09-at-16.14.45-1024x683.png
591,2020/09/Screen-Shot-2020-09-09-at-16.15.27-1024x474.png
591,2020/09/Screen-Shot-2020-09-09-at-16.18.16-1024x804.png
606,2020/09/Screen-Shot-2020-09-09-at-14.24.13-1024x638.png
606,2020/09/Screen-Shot-2020-09-09-at-14.27.04-1024x767.png
606,2020/09/Screen-Shot-2020-09-09-at-14.27.39-1024x752.png
606,2020/09/Screen-Shot-2020-09-09-at-14.28.38-1024x668.png
606,2020/09/Screen-Shot-2020-09-09-at-14.29.23-1024x587.png
606,2020/09/Screen-Shot-2020-09-09-at-14.31.27-1024x733.png
606,2020/09/Screen-Shot-2020-09-09-at-14.34.26-1024x699.png
606,2020/09/Screen-Shot-2020-09-09-at-14.39.13-1024x912.png
606,2020/09/Screen-Shot-2020-09-09-at-14.40.09-1024x902.png
606,2020/09/Screen-Shot-2020-09-09-at-14.40.41-1024x898.png
606,2020/09/Screen-Shot-2020-09-09-at-14.41.23-1024x906.png
606,2020/09/20200925_200925_7-768x1024.jpg
606,2020/09/20200925_200925_8-1024x768.jpg
606,2020/09/20200925_200925_0-1024x768.jpg
606,2020/09/20200925_200925_1-768x1024.jpg
606,2020/09/20200925_200925_2-768x1024.jpg
606,2020/09/20200925_200925_3-768x1024.jpg
606,2020/09/Screen-Shot-2020-09-09-at-15.13.25-1024x623.png
606,2020/09/Screen-Shot-2020-09-09-at-15.14.44-1024x630.png
606,production/attachments/12882/2020/09/09/60991/fe6f231e-dfc8-4b3c-93a3-d52265abd1f7.png
606,production/attachments/12882/2020/09/09/60991/3d5eda93-93d3-4758-84f8-1b8c3a037b70.png
606,2020/09/Screen-Shot-2020-09-09-at-15.20.45-1024x524.png
653,2020/10/Lチカ-1024x768.jpg
653,2020/10/説明-1-1024x768.jpg
646,2020/10/IMG_4235-1.jpg
646,2020/10/IMG_4237.jpg
646,2020/10/IMG_4243.jpg
646,2020/10/IMG_4247.jpg
646,2020/10/IMG_4250-1-1.jpg
646,2020/10/IMG_4254-1.jpg
786,2020/12/image.png
786,2020/12/image-1-1024x441.png
848,2020/12/Kubernetes-logo-1.png
848,2020/12/キャプチャ-1024x504.png
848,2020/12/Rancher_K3s2-1024x536.png
848,2020/12/79c88101a9c403279aeedc67586221c07ebaed06-1024x517.png
859,2020/12/airport-1024x768.png
859,2020/12/tonkatsu-1024x768.png
859,2020/12/sakurajima-1024x768.png
859,2020/12/dps-hall.png
859,2020/12/dps-hall2-1024x768.png
881,2021/01/image-1.png
901,2021/01/Screen-Shot-2021-01-20-at-23.43.16-814x1024.png
901,2021/01/Screen-Shot-2021-01-20-at-23.44.09-1024x391.png
901,2021/01/Screen-Shot-2021-01-21-at-0.18.03.png
901,2021/01/Screen-Shot-2021-01-21-at-0.19.14-1024x455.png
901,2021/01/Screen-Shot-2021-01-21-at-0.21.56.png
901,2021/01/Screen-Shot-2021-01-21-at-0.23.35-1024x312.png
896,2021/01/ヒドラ.jpeg
896,2021/02/ヒドラ１.png
896,2021/02/ヒドラ２.png
935,2021/02/IMG_4497-1-1024x576.jpeg
935,2021/02/IMG_1838-1024x768.jpg
935,2021/02/IMG_1870-1024x768.jpg
935,2021/02/IMG_1894-1024x768.jpg
993,2021/03/iOS-の画像-1024x768.jpg
993,2021/03/iOS-の画像-1-1024x768.jpg
999,2021/03/スクリーンショット-2021-03-12-3.41.01-1024x714.png
1015,2021/03/iOS-の画像-2-1024x768.jpg
1015,2021/03/iOS-の画像-1-1-1024x768.jpg
1015,2021/03/iOS-の画像-2-1-1024x768.jpg
1015,2021/03/iOS-の画像-4-768x1024.jpg
1049,2021/04/https___qiita-image-store.s3.amazonaws.com_0_171398_3cac0ae7-3349-9194-bbfe-e67c1181cd48-1024x524.gif
1056,2015/08/7-flats.png
1056,2021/04/unnamed-1.png
1056,2021/04/5-sharps.png
1052,2021/04/IMG_3876-768x1024.jpg
1052,2021/04/IMG_3877-1024x768.jpg
1064,2021/04/CDSL-System-Architecture1.png
1064,2021/04/CDSL-System-Architecture2.png
1064,2021/04/CDSL-System-Architecture3.png
1064,2021/04/CDSL-System-Architecture1-1.png
1064,2021/04/CDSL-System-Architecture4.png
1064,2020/01/elk-arch.png
1064,2021/04/CDSL-System-Architecture6.png
1064,2021/04/CDSL-System-Architecture7.png
1064,2021/04/CDSL-System-Architecture8.png
1165,2021/05/スクリーンショット-2021-05-28-18.27.21-1024x344.png
1180,2021/06/スクリーンショット-113.png
1187,2021/06/IMG_4519_Original-1024x768.jpg
1187,2021/06/IMG_4135_Original-1-1024x768.jpg
1187,2021/06/IMG_4710_Original-1024x768.jpg
1243,2021/07/image-336x1024.png
1243,2021/07/image-2-426x1024.png
1243,2021/07/image-1-94x1024.png
1251,2021/07/image-4.png
1251,2021/07/image-5.png
1303,2021/07/kisozikken-1024x554.jpg
1345,production/attachments/12882/2021/08/03/60991/04118c68-7ff7-498a-a107-7def421bab40.png
1345,production/attachments/12882/2021/08/03/60991/d5976300-5782-4e89-b97e-271f3d0b6916.png
1345,production/attachments/12882/2021/08/03/60991/0b42e3d6-142e-4222-9c74-6d18943a0e1a.png
1345,production/attachments/12882/2021/08/03/60991/8d5a7718-3261-442e-8254-9e6303ee8f77.png
1345,production/attachments/12882/2021/08/03/60991/3ccb04d6-b4b7-400e-b0b8-9c92c016d3be.png
1345,production/attachments/12882/2021/08/03/60991/4f21fdb7-845b-42e3-997b-4cdadb5e322c.png
1345,production/attachments/12882/2021/08/03/60991/8be1a385-4521-4810-8361-1a3e6ac20954.png
1345,production/attachments/12882/2021/08/03/60991/3620160c-f13d-4341-b1bf-5e3df00691ca.png
1345,production/attachments/12882/2021/08/03/60991/c58c0037-b68b-4e78-902e-72636d6048e0.png
1345,production/attachments/12882/2021/08/03/60991/714e227b-ca4e-418d-8b16-96b52908dccc.png
1345,production/attachments/12882/2021/08/03/60991/e868dee5-43d2-47da-bcc5-c42135c6cd2f.png
1345,production/attachments/12882/2021/08/03/60991/a29bdb73-67ef-4084-a803-0050820ea15d.png
1345,production/attachments/12882/2021/08/03/60991/eb246aaa-8167-4b6f-9400-3be9a3b4dd17.png
1345,production/attachments/12882/2021/08/03/60991/217088ad-b3c2-4c56-9f74-c9ad725816cf.png
1345,production/attachments/12882/2021/08/03/60991/fd840ec5-a449-4972-82b6-f50f3d7586d8.png
1345,production/attachments/12882/2021/08/03/60991/e77151dd-01c4-48b3-a253-413d2a4a8b95.png
1345,production/attachments/12882/2021/08/03/60991/07001ee0-474f-4fbc-9082-345d2bd4c3ab.png
1345,production/attachments/12882/2021/08/03/60991/2c8e144f-f79e-4905-9395-1d93a8c567f8.png
1345,production/attachments/12882/2021/08/03/60991/07619d7b-3522-4016-b665-9f404909cd4f.png
1345,production/attachments/12882/2021/08/03/60991/cc4a3569-9ad3-469b-9012-498e1a159a34.png
1345,production/attachments/12882/2021/08/03/60991/d6123eef-7c97-4ff1-b85c-5e9d158fd4c2.png
1345,production/attachments/12882/2021/08/03/60991/c34bb6ff-df77-4d47-9549-68fb27188850.png
1345,production/attachments/12882/2021/08/03/60991/a9602260-005e-4a73-bccc-cc80da962e20.png
1353,2021/08/iOS-の画像-1-1024x768.jpg
1342,2021/08/CDSL-System-Architecture.png
1342,2021/08/002-1024x702.jpg
1342,2021/08/001-1024x717.jpg
1398,2021/08/image-3.png
1446,2021/09/スクリーンショット-2021-08-28-1.55.31.png
1503,2021/10/image-1024x767.png
1536,2021/10/スクリーンショット-2021-10-08-14.51.59（2）-edited.png
1563,2021/11/IMG_9092.jpg
1563,2021/11/IMG_9095.jpg
1563,2021/11/IMG_9133.jpg
1563,2021/11/IMG_9145.jpg
1563,2021/11/IMG_9139-rotated.jpg
1563,2021/11/IMG_9138.jpg
1563,2021/11/IMG_9140.jpg
1563,2021/11/IMG_9104-1.jpg
1563,2021/11/IMG_9147.jpg
1563,2021/11/IMG_7440-1.jpg
1594,2021/11/iOS-の画像-1024x768.jpg
1594,2021/11/image-1-1024x461.png
1588,2021/11/iOS-の画像-1-scaled.jpg
1588,2021/11/iOS-の画像-2-scaled.jpg
1588,2021/11/4802D652-BD0F-4516-9091-6ECBE0F6189F_1_105_c.jpg
1588,2021/11/iOS-の画像-4-1-scaled.jpg
1588,2021/11/iOS-の画像-3-scaled.jpg
1588,2021/11/515378A5-9FB4-4B74-8272-B46A64FAD39A_1_105_c-3.jpg
1588,2021/11/23F6560F-D84B-410B-B029-72B21416F7F4_1_105_c-5.jpg
1581,2021/11/image.png
1682,2021/12/IMG_3285-1-1024x682.jpg
1733,2021/12/バイク_リサイズ-1024x769.jpg
1733,2021/12/観光バス_リサイズ-1024x768.jpg
1733,2021/12/WP切替前-1024x187.png
1733,2021/12/WP切替後-1024x187.png
1692,2021/12/スクリーンショット-2021-12-02-124824-1.png
1692,2021/12/スクリーンショット-2021-12-02-132309-1024x589.png
1820,2022/01/ABD29919-1846-486C-95F1-F495412D2266.jpeg
1820,2022/01/60BE9A26-3F52-4FBF-A1F2-3B8D3399B23A.jpeg
1839,2022/01/image-1024x493.png
1839,2022/01/スクリーンショット-2022-01-10-14.39.40-987x1024.png
1839,2022/01/image-1-970x1024.png
1839,2022/01/スクリーンショット-2022-01-15-8.35.35-1024x666.png
1964,2022/03/iOS-の画像-1024x819.jpg
1968,2022/03/Image-from-iOS-1-1024x768.jpg
1994,2022/03/DSC_0892-1-768x1024.jpg
1994,2022/03/DSC_0888-1024x768.jpg
1972,2022/03/5AC0A891-7766-46CC-B498-CEB79A47F2D6.jpeg
1972,2022/03/6E7F21DB-10AD-4F0D-948B-B5EF7D372810-1024x576.jpeg
2024,production/attachments/12882/2021/09/28/60991/7cefe123-e176-4d1c-89c1-22eeb327ea61.png
2024,production/attachments/12882/2021/09/28/60991/73ba6e69-b9db-4f1b-a8df-4b377b318700.png
2029,2022/04/ｋｋｋｋｋｋ-1.png
2029,2022/04/あｓｄ-1024x621.png
2029,2022/04/ｓｓｓｓ.png
2053,2022/04/aina-2022.png
2061,2022/04/IMG_7383-1-768x1024.webp
2081,2022/04/iOS-の画像-1-1024x768.jpg
2129,2022/04/IMG_4877-1024x576.jpg
2144,2022/04/image-1-1024x666.png
2164,2022/05/PXL_20220513_014443096.MP_-768x1024.webp
2164,2022/05/PXL_20220513_014455706-768x1024.webp
2171,2022/05/image-1024x406.png
2176,2022/05/IMG_0018-1024x768.jpg
2180,2022/05/画像-1.png
2180,2022/05/image-5.png
2180,2022/05/image-3.png
2180,2022/05/image-4.png
2205,2022/05/DSC_0093-1-768x1024.jpg
2205,2022/05/DSC_0095-1-1024x768.jpg
2205,2022/05/20220526_074524-1024x768.jpg
2205,2022/05/20220526_105835-1024x768.jpg
2205,2022/05/image_from_ios-2-1024x768.jpg
2205,2022/05/20220526_132745-1024x768.jpg
2205,2022/05/DSC_0107-1024x768.jpg
2205,2022/05/DSC_0106-768x1024.jpg
2205,2022/05/20220526_192132-1024x768.jpg
2205,2022/05/20220527_055854-1024x768.jpg
2205,2022/05/DSC_0118-1024x768.jpg
2205,2022/05/20220527_183247-2-768x1024.jpg
2244,2022/06/スクリーンショット-155-1024x576.png
2244,2022/06/スクリーンショット-157-1024x576.png
2244,2022/06/スクリーンショット-154-1024x576.png
2244,2022/06/スクリーンショット-153-1024x576.png
2252,2022/06/IMG_3872-1024x576.jpg
2252,2022/06/IMG_3876-1024x576.jpg
2252,2022/06/IMG_3867-1024x576.jpg
2252,2022/06/IMG_3863-1024x576.jpg
2252,2022/06/IMG_3864-1024x576.jpg
2252,2022/06/IMG_3869-1024x576.jpg
2252,2022/06/IMG_3877-1024x576.jpg
2252,2022/06/A7_00268-1024x576.jpg
2252,2022/06/IMG_3879-1024x576.jpg
2252,2022/06/スクリーンショット-2022-06-04-9.38.42-1024x569.png
2252,2022/06/スクリーンショット-2022-06-04-9.39.16-1024x569.png
2252,2022/06/スクリーンショット-2022-06-04-9.41.08-1024x569.png
2252,2022/06/IMG_3885-1024x576.jpg
2252,2022/06/IMG_3872-1024x576.jpg
2252,2022/06/スクリーンショット-2022-06-04-20.42.45-1024x498.png
2252,2022/06/IMG_3880-2-1024x577.jpg
2252,2022/06/s5-1024x316.png
2252,2022/06/スクリーンショット-2022-06-04-10.03.11-1024x657.png
2252,2022/06/IMG_3906-1024x576.jpg
2252,2022/06/IMG_3960-1024x576.jpg
2252,2022/06/IMG_3966-1024x576.jpg
2252,2022/06/IMG_3972-2-1024x576.jpg
2252,2022/06/IMG_3975-1-1024x473.png
2252,2022/06/IMG_4017-1024x576.jpg
2252,2022/06/IMG_3992-2-1024x576.jpg
2252,2022/06/IMG_4003-1024x576.jpg
2252,2022/06/IMG_4034-1024x576.jpg
2252,2022/06/IMG_4050-1024x576.jpg
2339,2022/06/20220627_105634-1024x767.jpg
2333,2022/06/スクリーンショット-2022-06-30-22.21.51-1024x420.png
2329,2022/07/B612_20220622_070951_076-1024x576.jpg
2329,2022/07/DSC_0479-1024x768.jpg
2329,2022/07/DSC_0483-1024x768.jpg
2329,2022/07/DSC_0484-1024x768.jpg
2329,2022/07/DSC_0495-1024x768.jpg
2329,2022/07/DSC_0513-1024x768.jpg
2329,2022/07/DSC_0521-1-1024x768.jpg
2329,2022/07/DSC_0511-1-1024x768.jpg
2329,2022/07/DSC_0502-1024x768.jpg
2329,2022/07/DSC_0499-1024x768.jpg
2329,2022/07/DSC_0561-1024x768.jpg
2329,2022/07/DSC_0603-1024x768.jpg
2329,2022/07/DSC_0528-1024x768.jpg
2329,2022/07/B612_20220621_200021_178-1024x576.jpg
2329,2022/07/B612_20220621_202414_592-1024x576.jpg
2329,2022/07/DSC_0533-1024x768.jpg
2329,2022/07/B612_20220623_155533_680-1024x576.jpg
2329,2022/07/DSC_0670-1-1024x768.jpg
2329,2022/07/DSC_0616-1024x768.jpg
2329,2022/07/DSC_0661-1-1024x768.jpg
2329,2022/07/DSC_0623-1024x768.jpg
2329,2022/07/DSC_0657-1024x768.jpg
2329,2022/07/DSC_0686-1024x768.jpg
2329,2022/07/DSC_0681-1024x768.jpg
2329,2022/07/DSC_0475-1024x768.jpg
2329,2022/07/DSC_0548-1024x768.jpg
2329,2022/07/DSC_0440-1024x768.jpg
2329,2022/07/DSC_0436-1024x768.jpg
2331,2022/07/Image-from-iOS-2-1-1024x768.jpg
2331,2022/07/Image-from-iOS-1-1024x768.jpg
2331,2022/07/Image-from-iOS-1024x768.jpg
2331,2022/07/DSC_0571-1024x768.jpg
2331,2022/07/DSC_0572-1024x768.jpg
2331,2022/07/B612_20220622_202030_199-1024x576.jpg
2331,2022/07/DSC_0600-1024x768.jpg
2331,2022/07/DSC_0587-1024x768.jpg
2331,2022/07/DSC_0585-1024x768.jpg
2453,2022/07/image-1024x581.png
2464,2022/07/image-1-1024x573.png
2464,2022/07/image-2-1024x575.png
2529,2022/08/iOS-の画像-3-1024x768.jpg
2529,2022/08/iOS-の画像-2-1-1024x768.jpg
2550,2022/08/image-1-1024x763.png
2550,2022/08/image.png
2563,2022/08/ESXiエラー-1024x343.png
2563,2022/08/good-1024x421.png
2563,2022/08/image-1-1024x763.png
2563,2022/08/IMG_5625-3-1024x576.png
2563,2022/08/IMG_5626-1024x576.jpg
2563,2022/08/IMG_5632-1024x576.jpg
2563,2022/08/IMG_5636-2-1024x576.jpg
2563,2022/08/IMG_5646-1024x576.jpg
2563,2022/08/スクリーンショット-2022-08-22-17.12.17-1024x604.png
2595,2022/08/63902-768x1024.jpg
2607,2022/08/IMG_0075-1024x768.jpg
2607,2022/08/DSC_9717-1024x768.jpg
2615,2022/08/image-2.png
2615,2022/08/image-3.png
2603,2022/09/ICM-1024x576.png
2620,2022/09/IMG_3706-1024x768.jpg
2620,2022/09/IMG_3710-1024x768.jpg
2620,2022/09/IMG_3722-1-1024x768.jpg
2620,2022/09/IMG_3723-1024x768.jpg
2620,2022/09/IMG_3713-1-1024x768.jpg
2620,2022/09/IMG_3717-1024x768.jpg
2620,2022/09/IMG_3716-1024x768.jpg
2620,2022/09/IMG_8098-1024x768.jpg
2620,2022/09/IMG_3724-1024x768.jpg
2620,2022/09/IMG_3730-1024x768.jpg
2620,2022/09/IMG_3736-768x1024.jpg
2620,2022/09/IMG_3744-768x1024.jpg
2672,2022/09/image-3.png
2588,2022/09/image-2.png
2588,2022/09/Screenshot_20220902-110024-1024x264.png
2720,2022/09/IMG_6173-1024x768.jpg
2720,2022/09/IMG_6191-2-1-1024x576.jpg
2720,2022/09/IMG_6177-1-1024x768.jpg
2720,2022/09/IMG_6184-1024x768.jpg
2720,2022/09/IMG_6185-1024x768.jpg
2720,2022/09/IMG_6230-2-1024x576.jpg
2720,2022/09/S__402464778-576x1024.jpg
2775,2022/09/mosaic_20220919225613-1-1024x522.png
2863,2022/10/FIMO_1666589845211-1024x683.jpg
2848,2022/10/image-1024x544.png
2873,2022/11/IMG_8838-3.jpg
2873,2022/11/IMG_9238.jpg
2873,2022/11/IMG_8837.jpg
2873,2022/11/IMG_8840.jpg
2873,2022/11/IMG_8847-1.jpg
2873,2022/11/IMG_8858-1.jpg
2873,2022/11/IMG_8850.jpg
2873,2022/11/IMG_8868.jpg
2898,2022/11/IMG_7653-768x1024.jpg
2898,2022/11/IMG_7651-1024x576.jpg
2898,2022/11/IMG_7652-1024x576.jpg
2932,2022/11/カタパッド.webp
2932,2022/11/タワー.webp
2932,2022/11/テッキュウ.webp
2952,2022/11/Qiita-1024x667.png
2964,2022/11/Screen-Shot-2022-11-29-at-17.27.47-1024x373.png
2999,2022/12/DPizrFoiLE2SY2x1671173389_1671173422-768x1024.jpg
2999,2022/12/uHBl8Xg2MMIyeMC1671173274_1671173328-768x1024.jpg
2999,2022/12/DSC_1191-1-768x1024.jpg
2999,2022/12/DSC_1197-1-1024x514.jpg
2999,2022/12/DSC_1201-1-1024x640.jpg
2999,2022/12/B612_20221208_191836_866-1024x576.jpg
2999,2022/12/DSC_1205-1-1024x614.jpg
2999,2022/12/DSC_1207-1-1024x614.jpg
2999,2022/12/IMG_4460-1-1-1024x484.jpg
3121,2023/01/7AACC8EE-2A50-4BD7-BDD8-585E90DBDC81.jpeg
3174,2023/01/IMG_4509-473x1024.png
3229,2023/01/IMG_20230126_094741-scaled.jpg
3291,2023/02/IMG_20230209_171019-2-scaled.jpg
3291,2023/02/IMG_20230209_130803-scaled.jpg
3291,2023/02/IMG_20230209_134927-1-scaled.jpg
3291,2023/02/IMG_20230209_164637-scaled.jpg
3291,2023/02/IMG_8993-scaled.jpg
3291,2023/02/IMG_8990-1-scaled.jpg
3291,2023/02/IMG_8992-scaled.jpg
3291,2023/02/IMG_8994-scaled.jpg
3291,2023/02/IMG_8998-scaled.jpg
3314,2023/02/IMG_4076-576x1024.jpg
3314,2023/02/IMG_4080-1-1024x576.jpg
3314,2023/02/IMG_4081-576x1024.jpg
3314,2023/02/IMG_4082-576x1024.jpg
3314,2023/02/IMG_9028-scaled.jpg
3314,2023/02/IMG_4074-1024x576.jpg
3344,2023/02/スクリーンショット-2023-02-22-114357-1.png
3344,2023/02/スクリーンショット-2023-02-22-174620.png
3344,2023/02/スクリーンショット-2023-02-22-182530-3.png
3344,2023/02/スクリーンショット-2023-02-24-112322-4.png
3344,2023/03/スクリーンショット-2023-03-01-084151.png
3344,2023/03/スクリーンショット-2023-03-01-113950.png
3344,2023/03/スクリーンショット-2023-03-01-115310.png
3441,2023/03/640AA616-1583-42CA-B5D7-844DC6BEBDAF_1_105_c-2.jpeg
3441,2023/03/IMG_3754-1024x768.jpeg
3441,2023/03/image.png
3441,2023/03/041AE43B-CCB9-4507-8E1B-C3B97AB25E77_1_105_c.jpeg
3455,2023/03/IMG_1624-1024x768.jpg
3455,2023/03/IMG_1618-1024x768.jpg
3455,2023/03/IMG_1620-1024x768.jpg
3455,2023/03/IMG_1622-1024x768.jpg
3504,2023/03/DSC_0206-768x1024.jpg
3504,2023/03/DSC_0224-1-768x1024.jpg
3504,2023/03/DSC_0215-1-768x1024.jpg
3504,2023/03/image-1-1024x771.png
3486,2023/03/DSC_1466-1024x768.jpg
3486,2023/03/PXL_20230313_043203868.MP_-1-1024x768.jpg
3486,2023/03/img_7277-2-1024x768.jpg
3547,2023/03/img_7650-1024x768.jpg
3547,2023/03/img_7653-1024x768.jpg
3547,2023/03/img_7655-1024x768.jpg
3547,2023/03/img_7656-1024x768.jpg
3547,2023/03/img_7658-1024x768.jpg
3547,2023/03/img_7660-1024x768.jpg
3547,2023/03/img_7661-1024x768.jpg
3547,2023/03/img_7664-1024x768.jpg
3547,2023/03/img_7668-1024x768.jpg
3547,2023/03/img_7669-1024x768.jpg
3547,2023/03/img_7666-1024x768.jpg
3547,2023/03/img_7672-1024x768.jpg
3582,2023/03/img_7676-1024x768.jpg
3582,2023/03/img_7678-1024x736.jpg
3582,2023/03/img_7680-1024x768.jpg
3582,2023/03/img_7682-1024x768.jpg
3582,2023/03/img_7681-1024x768.jpg
3582,2023/03/img_7684-1024x768.jpg
3582,2023/03/img_7687-300x225.jpg
3582,2023/03/img_7688-300x225.jpg
3582,2023/03/img_7691-300x225.jpg
3582,2023/03/img_7693-300x225.jpg
3582,2023/03/img_7695-225x300.jpg
3582,2023/03/img_7702-300x225.jpg
3582,2023/03/img_7703-225x300.jpg
3582,2023/03/img_7705-300x225.jpg
3582,2023/03/img_7707-300x225.jpg
3582,2023/03/img_7712-225x300.jpg
3582,2023/03/img_7715-300x225.jpg
3624,2023/03/img_7718-300x225.jpg
3624,2023/03/img_7720-300x225.jpg
3624,2023/03/img_7719-225x300.jpg
3624,2023/03/img_7722-300x225.jpg
3624,2023/03/img_7723-300x225.jpg
3624,2023/03/img_7724-300x225.jpg
3624,2023/03/img_7727-300x225.jpg
3624,2023/03/img_7733-300x225.jpg
3624,2023/03/img_7734-300x225.jpg
3624,2023/03/img_7736-300x225.jpg
3624,2023/03/img_7745-300x225.jpg
3624,2023/03/img_7748-225x300.jpg
3624,2023/03/img_7766-300x225.jpg
3624,2023/03/img_7770-300x225.jpg
3624,2023/03/img_7772-300x225.jpg
3624,2023/03/img_7778-300x225.jpg
3660,2023/03/img_7779-300x225.jpg
3660,2023/03/img_7781-300x225.jpg
3660,2023/03/img_7782-300x225.jpg
3660,2023/03/img_7786-300x225.jpg
3660,2023/03/img_7789-2-1024x768.jpg
3660,2023/03/img_7798-768x1024.jpg
3660,2023/03/img_7799-768x1024.jpg
3660,2023/03/img_7802-1024x768.jpg
3660,2023/03/img_7810-1024x768.jpg
3660,2023/03/img_7806-768x1024.jpg
3660,2023/03/img_7807-1024x768.jpg
3698,2023/03/img_7817-1024x768.jpg
3698,2023/03/img_7797-768x1024.jpg
3698,2023/03/img_7819-1024x768.jpg
3698,2023/03/img_7822-1024x768.jpg
3698,2023/03/img_7840-1024x768.jpg
3698,2023/03/img_7843-1024x768.jpg
3698,2023/03/img_7855-1024x768.jpg
3698,2023/03/img_7860-1024x768.jpg
3698,2023/03/img_7870-1024x768.jpg
3698,2023/03/img_7868-1024x768.jpg
3698,2023/03/img_7869-1024x768.jpg
3748,2023/03/img_7875-1024x768.jpg
3748,2023/03/img_7877-1024x768.jpg
3748,2023/03/img_7878-1024x768.jpg
3748,2023/03/img_7879-1024x768.jpg
3748,2023/03/img_7882-1024x768.jpg
3748,2023/03/img_7883-1024x768.jpg
3748,2023/03/img_7885-1024x768.jpg
3748,2023/03/img_7887-1024x768.jpg
3748,2023/03/img_7888-1024x768.jpg
3748,2023/03/img_7891-1024x768.jpg
3748,2023/03/img_7896-1024x768.jpg
3748,2023/03/img_7897-1024x768.jpg
3748,2023/03/img_7898-1024x768.jpg
3748,2023/03/img_7901-1024x768.jpg
3778,2023/03/img_7899-1024x768.jpg
3778,2023/03/img_7902-1024x768.jpg
3778,2023/03/img_7903-1024x768.jpg
3778,2023/03/img_7906-768x1024.jpg
3778,2023/03/img_7908-1024x768.jpg
3778,2023/03/img_7913-1024x768.jpg
3778,2023/03/img_7915-1024x768.jpg
3778,2023/03/img_7917-1024x768.jpg
3825,2023/03/IMG_9568-1024x768.jpg
3825,2023/03/IMG_9569-1024x768.jpg
3825,2023/03/IMG_9572-1024x768.jpg
3825,2023/03/IMG_9573-1024x768.jpg
3825,2023/03/IMG_9574-1024x768.jpg
3825,2023/03/IMG_9575-1024x768.jpg
3825,2023/03/IMG_9576-1024x768.jpg
3825,2023/03/IMG_9577-1024x768.jpg
3825,2023/03/IMG_9578-1024x768.jpg
3876,2023/03/opppppp-1024x768.jpg
3912,2023/04/PortraitProductImage-JAP_1200x1600-10646c99057796aed7b9c29b8165e502-225x300.jpg
3912,2023/04/IMG_3936-300x169.jpg
3892,2023/04/PXL_20230311_095959570.MP_-1024x771.jpg
3892,2023/04/PXL_20230311_100850103-1024x771.jpg
3892,2023/04/PXL_20230313_114038415-1024x771.jpg
3892,2023/04/PXL_20230315_042717022-1024x771.jpg
3892,2023/04/PXL_20230315_043645823-771x1024.jpg
3892,2023/04/PXL_20230315_053016809-1024x771.jpg
3892,2023/04/PXL_20230316_035737152-1024x771.jpg
3892,2023/04/PXL_20230316_050422285-1024x771.jpg
3892,2023/04/PXL_20230316_063931199-6-1024x771.jpg
3892,2023/04/PXL_20230316_080430746-1024x771.jpg
3986,2023/04/IMG_20230424_133811-1024x768.jpg
4026,2023/05/IMG_4428-576x1024.jpg
4035,2023/05/8737D67B-CAF8-40CB-8C06-5F89AF5072E9-1024x1024.jpeg
4035,2023/05/8FA6A9EE-539C-402A-9788-C2C9D9D27FFB-819x1024.jpeg
4042,2023/05/CGUhpb1iYEeVMHK1684306704_1684306733.jpg
4042,2023/05/DSC_0263-1024x768.jpg
4042,2023/05/DSC_0279-2-1024x768.jpg
4062,2023/05/image0-1-2-1024x772.jpeg
4062,2023/05/image5-1-1024x768.jpeg
4062,2023/05/image3-768x1024.jpeg
4062,2023/05/image2-1-1024x768.jpeg
4151,2023/06/IMG_8751-1-1024x768.jpg
4151,2023/06/IMG_9864-1-1-1024x768.jpg
4151,2023/06/IMG_9829-1-1-1024x768.jpg
4200,2023/07/HPstudio-3.png
4200,2023/07/IMG_4283-768x1024.jpeg
4200,2023/07/faceu_1687756592017-819x1024.jpeg
4200,2023/07/IMG_4382-1-768x1024.jpeg
4200,2023/07/IMG_4379-2-1024x768.jpeg
4200,2023/07/IMG_2528-1-1024x576.jpeg
4200,2023/07/IMG_4408-768x1024.jpeg
4291,2023/07/IMG_20230723_165558-1024x768.jpg
4291,2023/07/IMG_20230723_181257-768x1024.jpg
4291,2023/07/IMG_20230723_181904-768x1024.jpg
4291,2023/07/IMG_20230723_200340-768x1024.jpg
4378,2023/08/IMG_0514-1024x768.jpg
4378,2023/08/IMG_0518-1024x768.jpg
4378,2023/08/IMG_0546-1024x768.jpg
4391,2023/08/IMG_20230823_174507.jpg
4391,2023/08/IMG_20230823_174235-1.jpg
4391,2023/08/IMG_20230823_174654.jpg
4391,2023/08/DSC01763.jpg
4391,2023/08/DSC01774.jpg
4391,2023/08/DSC01803.jpg
4391,2023/08/DSC01809.jpg
4391,2023/08/IMG_20230823_174748.jpg
4391,2023/08/DSC01864.jpg
4391,2023/08/IMG_20230823_173746.jpg
4391,2023/08/IMG_20230823_174103.jpg
4416,2023/08/IMG_0604-1-1024x768.jpg
4441,2023/08/image-1024x576.png
4441,2023/08/image-2-1024x661.png
4440,2023/08/MSBuildJapan-1024x576.jpg
4469,2023/09/iOS-の画像-6-2-1024x974.jpg
4469,2023/09/iOS-の画像-5-1-1024x768.jpg
4469,2023/09/iOS-の画像-1_1-1024x964.jpg
4469,2023/09/iOS-の画像-768x1024.jpg
4469,2023/09/qoc5x1f6.png
4481,2023/09/image0-13-1-1024x886.jpeg
4481,2023/09/image0-19-1-1024x768.jpeg
4650,2023/09/794deee8-cd62-446c-a56a-4bd391f0db51-0-1-1024x768.jpg
4650,2023/09/cd38e2a1-4184-400d-9e99-720db6239aa8-0-1-1-1024x768.jpg
4650,2023/09/071839fd-e140-4d80-a982-705b0a1c0588-0-1-1-1024x768.jpg
4733,2023/10/iOS-の画像-2-768x1024.jpg
4733,2023/10/iOS-の画像-3-768x1024.jpg
4733,2023/10/iOS-の画像-4-1024x1024.jpg
4733,2023/10/iOS-の画像-8-1024x1024.jpg
4733,2023/10/iOS-の画像-7-1024x1024.jpg
4733,2023/10/iOS-の画像-6-1024x1024.jpg
4733,2023/10/iOS-の画像-10-1024x1024.jpg
4733,2023/10/iOS-の画像-12-768x1024.jpg
4733,2023/10/iOS-の画像-13-1-1024x1024.jpg
4733,2023/10/iOS-の画像-14-1024x768.jpg
4733,2023/10/iOS-の画像-16-1024x1024.jpg
4733,2023/10/iOS-の画像-17-1024x768.jpg
4733,2023/10/iOS-の画像-18-1024x768.jpg
4733,2023/10/iOS-の画像-20-768x1024.jpg
4733,2023/10/iOS-の画像-21-768x1024.jpg
4733,2023/10/iOS-の画像-25-1024x768.jpg
4733,2023/10/iOS-の画像-27-1024x768.jpg
4733,2023/10/iOS-の画像-24-1024x768.jpg
4733,2023/10/iOS-の画像-28-768x1024.jpg
4733,2023/10/iOS-の画像-29-768x1024.jpg
4733,2023/10/iOS-の画像-30-768x1024.jpg
4735,2023/10/iOS-の画像-32-1024x768.jpg
4735,2023/10/iOS-の画像-31-768x1024.jpg
4735,2023/10/iOS-の画像-37-1024x1024.jpg
4735,2023/10/iOS-の画像-38-1024x1024.jpg
4735,2023/10/iOS-の画像-39-1024x768.jpg
4735,2023/10/iOS-の画像-41-1024x1024.jpg
4735,2023/10/iOS-の画像-42-1024x768.jpg
4735,2023/10/iOS-の画像-44-1024x1024.jpg
4735,2023/10/iOS-の画像-43-1024x768.jpg
4735,2023/10/iOS-の画像-45-1024x768.jpg
4735,2023/10/iOS-の画像-46-1-1024x1024.jpg
4735,2023/10/iOS-の画像-47-1024x768.jpg
4735,2023/10/iOS-の画像-48-768x1024.jpg
4735,2023/10/iOS-の画像-49-1024x1024.jpg
4735,2023/10/iOS-の画像-50-1024x768.jpg
4735,2023/10/iOS-の画像-51-1024x768.jpg
4737,2023/10/iOS-の画像-53-1024x768.jpg
4737,2023/10/iOS-の画像-56-1024x768.jpg
4737,2023/10/iOS-の画像-58-768x1024.jpg
4737,2023/10/iOS-の画像-59-768x1024.jpg
4737,2023/10/iOS-の画像-66-1024x768.jpg
4737,2023/10/iOS-の画像-60-1024x768.jpg
4737,2023/10/iOS-の画像-61-1024x1024.jpg
4737,2023/10/iOS-の画像-62-1024x768.jpg
4737,2023/10/iOS-の画像-63-768x1024.jpg
4737,2023/10/iOS-の画像-65-768x1024.jpg
4843,2023/11/2-Osawa.jpeg
4587,2023/10/名称未設定ファイル-1.jpg
4881,2023/11/PXL_20231120_002200206-1-1024x769.jpg
4881,2023/11/PXL_20231120_001842548-1-769x1024.jpg
4904,2023/11/PXL_20231012_050914966-1024x771.jpg
4876,2023/11/image.png
4876,2023/11/image-1.png
4967,2023/12/a.png
4989,2023/12/P_20231209_122058-1-1024x768.jpg
5004,2023/12/IMG_5114-576x1024.jpg
5004,2023/12/IMG_2741-4-1024x683.jpg
5004,2023/12/IMG_2742-2-1024x683.jpg
5004,2023/12/IMG_2747-1-1024x683.jpg
5004,2023/12/IMG_2748-1024x683.jpg
5004,2023/12/IMG_2754-1024x683.jpg
5004,2023/12/IMG_2763-1024x683.jpg
5021,2023/12/PXL_20231212_033809250-1024x768.jpg
5031,2023/12/img_1001-1024x768.jpg
5031,2023/12/img_1004-1024x576.jpg
5031,2023/12/p_20231209_111120-1-1024x768.jpg
5053,2023/12/ブログ画像-1024x768.jpg
5076,2023/12/IMG_1198-1024x768.jpg
5060,2023/12/S__162324489-1-edited.jpg
5248,2024/01/IMG_2099-1-768x1024.jpg
5248,2024/01/image-4.png
5248,2024/01/IMG_2428-1.jpg
5248,2024/01/IMG_2339-1024x768.jpg
5248,2024/01/IMG_2338-1024x768.jpg
5248,2024/01/IMG_2337-1024x768.jpg
5358,2024/02/image.png
5378,2024/02/jairo-1024x768.jpg
5378,2024/02/me-ta-ne-jann-768x1024.jpg
5246,2024/02/S__69574663-962x1024.jpg
5442,2024/02/image-3.png
5482,2024/03/DSC_1925-1-768x1024.jpg
5482,2024/03/DSC_1926-768x1024.jpg
5471,2024/03/IMG_3473-1024x576.jpg
5471,2024/03/IMG_3478-1024x576.jpg
5471,2024/03/IMG_3485-1024x576.jpg
5471,2024/03/IMG_3489-1024x576.jpg
5471,2024/03/IMG_3493-1024x576.jpg
5471,2024/03/IMG_3503-1024x576.jpg
5488,2024/03/IMG_3010-768x1024.jpg
5488,2024/03/IMG_3011-768x1024.jpg
5488,2024/03/IMG_3012-768x1024.jpg
5488,2024/03/IMG_1406-768x1024.jpg
5488,2024/03/20240322_124636-1024x768.jpg
5488,2024/03/IMG_2024-03-22-12-33-42-061-1024x768.jpg
5488,2024/03/PXL_20240322_043640629-1024x576.jpg
5488,2024/03/PXL_20240322_043700566-1024x576.jpg
5488,2024/03/IMG_3701-1024x768.jpg
5488,2024/03/PXL_20240322_104659281-576x1024.jpg
5516,2024/03/IMG_9124-768x1024.jpg
5516,2024/03/IMG_9125-768x1024.jpg
5516,2024/03/IMG_9127-768x1024.jpg
5516,2024/03/IMG_9126-768x1024.jpg
5516,2024/03/IMG_9128-768x1024.jpg
5516,2024/03/IMG_9129-768x1024.jpg
5516,2024/03/IMG_9130-3-768x1024.jpg
5516,2024/03/IMG_9131-2-768x1024.jpg
5516,2024/03/IMG_9132-1-768x1024.jpg
5516,2024/03/IMG_9133-1-768x1024.jpg
5516,2024/03/IMG_9134-1-768x1024.jpg
5516,2024/03/IMG_9135-1-768x1024.jpg
5516,2024/03/IMG_9136-1-768x1024.jpg
5516,2024/03/IMG_9137-1-768x1024.jpg
5516,2024/03/IMG_9138-1-768x1024.jpg
5516,2024/03/IMG_9139-2-768x1024.jpg
5516,2024/03/IMG_9140-1-768x1024.jpg
5556,2024/03/孫悟空-1024x567.jpg
5560,2024/03/年齢と体感時間.webp
5592,2024/04/IMG_9116-768x1024.jpg
5592,2024/04/IMG_9113-1-768x1024.jpg
5592,2024/04/IMG_9122-768x1024.jpg
5592,2024/04/IMG_9118-768x1024.jpg
5607,2024/04/IMG_1172-768x1024.jpg
5607,2024/04/IMG_1180-768x1024.jpg
5607,2024/04/IMG_1232-768x1024.jpg
5607,2024/04/IMG_1273-768x1024.jpg
5604,2024/04/image-1.png
5604,2024/04/image-2.png
5618,2024/04/image.png
5647,2024/04/IMG_2561-1024x768.jpg
5647,2024/04/IMG_2562-1024x768.jpg
5647,2024/04/IMG_2563-1-1024x768.jpg
5650,2024/04/IMG_9959-1024x768.jpg
5650,2024/04/IMG_9960-1024x768.jpg
5650,2024/04/IMG_9963-1024x768.jpg
5650,2024/04/IMG_9969-1024x768.jpg
5632,2024/04/people-2557396_1280-1024x682.jpg
5718,2024/05/ハムスター.png
5739,2024/05/image-631x1024.png
5739,2024/05/image-2.png
5742,2024/05/image-1-1024x366.png
5771,2024/05/20azuki-ra16.jpg
5771,2024/05/image-3.png
5778,2024/05/image-5.png
5778,2024/05/IMG_1272-1024x768.jpg
5778,2024/05/IMG_1270-768x1024.jpg
5778,2024/05/IMG_9188-768x1024.jpg
5778,2024/05/IMG_1273-1024x768.jpg
5823,2024/06/1578146709094-1024x737.jpg
5823,2024/06/1618113444267-1024x768.jpg
5852,2024/06/IMG_1462-768x1024.jpg
5852,2024/06/IMG_1463-2-768x1024.jpg
5850,2024/06/FullSizeRender-edited.jpeg
5871,2024/06/discussion-794137_1280-1024x682.jpg
5881,2024/06/komatta_man2-1.png
6025,2024/08/IMG_0670-768x1024.jpg
6025,2024/08/IMG_0669-768x1024.jpg
6057,2024/09/ブログ用-1-1024x594.jpg
6065,2024/09/image-522x1024.png
6065,2024/09/1181D3C2-00B7-4E8D-8080-A3665306B755_1_105_c-2.jpeg
6129,2024/09/PXL_20230215_022943187-1024x771.jpg
6127,2024/09/hando.jpeg
6157,2024/09/IMG_7271-2-768x1024.jpg
6157,2024/09/IMG_7281-768x1024.jpg
6157,2024/09/IMG_7276-1024x768.jpg
6157,2024/09/IMG_7373-1024x767.jpg
6157,2024/09/IMG_7371-768x1024.jpg
6157,2024/09/IMG_7372-768x1024.jpg
6176,2024/09/image-1.png
6186,2024/09/IMG_4483-3-1024x768.png
6186,2024/09/PXL_20240917_050645520-edited.jpg
6186,2024/09/PXL_20240917_052951963-edited.jpg
6186,2024/09/PXL_20240917_054149842-edited.jpg
6186,2024/09/IMG_2754-edited-scaled.jpg
6186,2024/09/PXL_20240917_064048550-edited.jpg
6186,2024/09/PXL_20240917_065146385-edited.jpg
6203,2024/09/IMG_1064-1024x768.jpg
6203,2024/09/IMG_1065-1024x768.jpg
6203,2024/09/IMG_1066-1024x768.jpg
6203,2024/09/IMG_1067-1024x768.jpg
6203,2024/09/IMG_1068-1024x768.jpg
6203,2024/09/IMG_1069-1024x768.jpg
6203,2024/09/IMG_2475-1024x768.jpg
6203,2024/09/IMG_1030-768x1024.jpg
6111,2024/09/IMG_2257-768x1024.jpg
6111,2024/09/IMG_2276-1-768x1024.jpg
6111,2024/09/1726559486252-2-1024x576.jpg
6111,2024/09/1726559483184-1024x576.jpg
6111,2024/09/1726559483432-1-1024x576.jpg
6111,2024/09/IMG_1072-755x1024.jpg
6111,2024/09/スクリーンショット-2024-09-24-221558-1024x625.png
6111,2024/09/スクリーンショット-2024-09-24-221535-1024x633.png
6261,2024/09/LINE_ALBUM_ICM_240929_1-576x1024.jpg
6261,2024/09/LINE_ALBUM_ICM_240929_2-576x1024.jpg
6261,2024/09/IMG_5610-2-1024x768.jpg
6261,2024/09/IMG_5611-1-1024x768.jpg
6278,2024/09/IMG_1388-472x1024.jpg
6287,2024/10/IMG_9487-1024x768.jpg
6287,2024/10/IMG_9544-768x1024.jpg
6287,2024/10/IMG_9546-1024x768.jpg
6287,2024/10/IMG_9547-1024x768.jpg
6287,2024/10/IMG_9548-768x1024.jpg
6287,2024/10/IMG_9549-1-1024x768.jpg
6287,2024/10/IMG_9550-768x1024.jpg
6287,2024/10/IMG_9559-1024x768.jpg
6287,2024/10/IMG_9554-768x1024.jpg
6287,2024/10/IMG_9555-1-1024x768.jpg
6287,2024/10/IMG_9556-768x1024.jpg
6287,2024/10/IMG_9557-1-1024x768.jpg
6287,2024/10/IMG_9518-3-768x1024.jpg
6320,2024/10/IMG_8375-1024x768.jpg
6339,2024/10/60009-1024x768.jpg
